{
    "part_id": "part_1",
    "file_name": "part_1.step",
    "volume": 26998.075186940074,
    "center_of_gravity": {
        "x": 405.14669004765113,
        "y": 189.13383488675925,
        "z": 119.99750229165596
    },
    "surface_area": 19267.406204571478,
    "bounding_box": {
        "x_min": 361.60032352321815,
        "y_min": 145.318493917355,
        "z_min": 87.52571028210818,
        "x_max": 437.726014985095,
        "y_max": 205.1450821429213,
        "z_max": 152.4692424996518
    },
    "dimensions": {
        "length_x": 76.12569146187684,
        "length_y": 59.8265882255663,
        "length_z": 64.94353221754363,
        "longest": 76.12569146187684,
        "middle": 64.94353221754363,
        "shortest": 59.8265882255663
    },
    "topology_counts": {
        "faces": 40,
        "edges": 200,
        "vertices": 400
    },
    "surface_categorizations": {
        "planar_faces": 11,
        "cylindrical_faces": 19,
        "conical_faces": 4,
        "spherical_faces": 0,
        "toroidal_faces": 6,
        "other_curved_faces": 0
    }
}